,Activity,Type,Unit,Plugin hybrid electric vehicle,Petrol,Hybrid,CNG
0,Cars (by size),Small car,km,0.13930644888053692,0.14079853422818792,0.10149885771812081,
1,,,miles,0.2241956630872483,0.22659697181208052,0.16335576644295302,
2,,Medium car,km,0.1671564488805369,0.17818853422818792,0.10903843624161073,0.15660419731543626
3,,,miles,0.2690156630872483,0.2867569718120805,0.1754895046979866,0.2520340201342282
4,,Large car,km,0.20858644888053693,0.27223853422818795,0.1524358,0.23845419731543627
5,,,miles,0.3356956630872483,0.4381169718120805,0.24530213557046981,0.3837540201342282
6,,Average car,km,0.1698264488805369,0.1639085342281879,0.11897858791946307,0.17504419731543627
7,,,miles,0.2733156630872483,0.2637869718120805,0.19146750067114093,0.28170402013422824
