,Activity,Type,Unit,kg CO2e,kg CO2e of CO2 per unit,kg CO2e of CH4 per unit,kg CO2e of N2O per unit
0,Ferry,Foot passenger,passenger.km,0.018710813959731544,0.01848,6.720000000000001e-06,0.0002240939597315436
1,,Car passenger,passenger.km,0.1293288754362416,0.127739,4.2560000000000006e-05,0.0015473154362416108
2,,Average (all passenger),passenger.km,0.11269808080536912,0.111313,3.6960000000000005e-05,0.0013481208053691275
